"/media/matheus/datadisk/Documentos/Projetos/Chart.js/Chart.js";"Default";"userDeclared";"valueIfFalse"
"/media/matheus/datadisk/Documentos/Projetos/mustache.js/mustache.js";"isFunction";"object"
"/media/matheus/datadisk/Documentos/Projetos/pdf.js/src/shared/util.js";"readInt8";"data";"start"
"/media/matheus/datadisk/Documentos/Projetos/pdf.js/src/shared/util.js";"readUint16";"data";"offset"
"/media/matheus/datadisk/Documentos/Projetos/pdf.js/src/shared/util.js";"readUint32";"data";"offset"
"/media/matheus/datadisk/Documentos/Projetos/pdf.js/src/shared/util.js";"compare";"a";"b"
"/media/matheus/datadisk/Documentos/Projetos/pdf.js/src/shared/util.js";"isBool";"v"
"/media/matheus/datadisk/Documentos/Projetos/pdf.js/src/shared/util.js";"isInt";"v"
"/media/matheus/datadisk/Documentos/Projetos/pdf.js/src/shared/util.js";"isNum";"v"
"/media/matheus/datadisk/Documentos/Projetos/pdf.js/src/shared/util.js";"isString";"v"
"/media/matheus/datadisk/Documentos/Projetos/pdf.js/src/shared/util.js";"isNull";"v"
"/media/matheus/datadisk/Documentos/Projetos/pdf.js/src/shared/util.js";"rpad";"str";"pad";"length"
"/media/matheus/datadisk/Documentos/Projetos/pdf.js/src/core/bidi.js";"isOdd";"i"
"/media/matheus/datadisk/Documentos/Projetos/pdf.js/src/core/bidi.js";"isEven";"i"
"/media/matheus/datadisk/Documentos/Projetos/pdf.js/src/core/image.js";"decodeAndClamp";"value";"addend";"coefficient";"max"
"/media/matheus/datadisk/Documentos/Projetos/pdf.js/src/core/fonts.js";"mapSpecialUnicodeValues";"code"
"/media/matheus/datadisk/Documentos/Projetos/pdf.js/src/core/fonts.js";"int16";"b0";"b1"
"/media/matheus/datadisk/Documentos/Projetos/pdf.js/src/core/fonts.js";"int32";"b0";"b1";"b2";"b3"
"/media/matheus/datadisk/Documentos/Projetos/pdf.js/src/core/fonts.js";"isHexDigit";"code"
"/media/matheus/datadisk/Documentos/Projetos/pdf.js/src/core/fonts.js";"isSpecial";"c"
"/media/matheus/datadisk/Documentos/Projetos/pdf.js/src/core/jpg.js";"clamp0to255";"a"
"/media/matheus/datadisk/Documentos/Projetos/pdf.js/src/core/parser.js";"toHexDigit";"ch"
"/media/matheus/datadisk/Documentos/Projetos/pdf.js/src/core/function.js";"interpolate";"x";"xmin";"xmax";"ymin";"ymax"
"/media/matheus/datadisk/Documentos/Projetos/pdf.js/src/core/colorspace.js";"fn_g";"x"
"/media/matheus/datadisk/Documentos/Projetos/pdf.js/src/core/colorspace.js";"decode";"value";"high1";"low2";"high2"
